"Probe_ID","P_value","FDR","Mean_No_Relapse","Mean_Relapse","Log2_FC","neg_log10_FDR","GB_ACC","SPOT_ID","Species Scientific Name","Annotation Date","Sequence Type","Sequence Source","Target Description","Representative Public ID","Gene Title","Gene Symbol","ENTREZ_GENE_ID","RefSeq Transcript ID","Gene Ontology Biological Process","Gene Ontology Cellular Component","Gene Ontology Molecular Function"
"202216_x_at",4.6189046686225e-07,0.000857692106090961,490.73133640553,385.642028985507,-0.347671108396217,3.06666858700398,"BC005003","","Homo sapiens","Oct 6, 2014","Exemplar sequence","GenBank","gb:BC005003.1 /DEF=Homo sapiens, nuclear transcription factor Y, gamma, clone MGC:792, mRNA, complete cds.  /FEA=mRNA /PROD=nuclear transcription factor Y, gamma /DB_XREF=gi:13436472 /UG=Hs.168157 nuclear transcription factor Y, gamma /FL=gb:NM_014223.2 gb:D85425.1 gb:BC005003.1 gb:D89986.1","BC005003","nuclear transcription factor Y, gamma","NFYC","4802","NM_001142587 /// NM_001142588 /// NM_001142589 /// NM_001142590 /// NM_014223 /// XM_005270891 /// XM_005270893 /// XM_005270894 /// XM_005270895 /// XM_005270896 /// XM_006710656 /// XM_006710657 /// XM_006710658 /// XM_006710659 /// XM_006710660 /// XM_006710661 /// XM_006710662","0006351 // transcription, DNA-templated // inferred from electronic annotation /// 0006355 // regulation of transcription, DNA-templated // inferred from direct assay /// 0006357 // regulation of transcription from RNA polymerase II promoter // traceable author statement /// 0006457 // protein folding // traceable author statement /// 0044255 // cellular lipid metabolic process // traceable author statement /// 0044281 // small molecule metabolic process // traceable author statement /// 0045893 // positive regulation of transcription, DNA-templated // inferred from electronic annotation","0005622 // intracellular // inferred from electronic annotation /// 0005634 // nucleus // inferred from direct assay /// 0005654 // nucleoplasm // traceable author statement /// 0005730 // nucleolus // inferred from direct assay /// 0016602 // CCAAT-binding factor complex // inferred from direct assay","0003677 // DNA binding // inferred from direct assay /// 0003700 // sequence-specific DNA binding transcription factor activity // inferred from electronic annotation /// 0003713 // transcription coactivator activity // traceable author statement /// 0005515 // protein binding // inferred from physical interaction /// 0043565 // sequence-specific DNA binding // inferred from electronic annotation /// 0046982 // protein heterodimerization activity // inferred from electronic annotation"
"204490_s_at",1.59728848563747e-09,1.77961896627299e-05,1071.30460829493,736.93768115942,-0.539754216967655,4.74967297440983,"M24915","","Homo sapiens","Oct 6, 2014","Exemplar sequence","GenBank","gb:M24915.1 /DEF=Human CDw44 antigen, complete cds. /FEA=mRNA /DB_XREF=gi:180196 /UG=Hs.169610 CD44 antigen (homing function and Indian blood group system) /FL=gb:NM_000610.1 gb:U40373.1 gb:M59040.1 gb:M24915.1","M24915","CD44 molecule (Indian blood group)","CD44","960","NM_000610 /// NM_001001389 /// NM_001001390 /// NM_001001391 /// NM_001001392 /// NM_001202555 /// NM_001202556 /// NM_001202557 /// XM_005253231 /// XM_005253232 /// XM_005253233 /// XM_005253234 /// XM_005253235 /// XM_005253238 /// XM_005253239 /// XM_005253240 /// XM_006718388 /// XM_006718389 /// XM_006718390","0001658 // branching involved in ureteric bud morphogenesis // inferred from electronic annotation /// 0002246 // wound healing involved in inflammatory response // inferred from electronic annotation /// 0005975 // carbohydrate metabolic process // traceable author statement /// 0007155 // cell adhesion // inferred from electronic annotation /// 0007160 // cell-matrix adhesion // non-traceable author statement /// 0007596 // blood coagulation // traceable author statement /// 0010628 // positive regulation of gene expression // inferred from electronic annotation /// 0016055 // Wnt signaling pathway // inferred from electronic annotation /// 0016337 // single organismal cell-cell adhesion // non-traceable author statement /// 0019221 // cytokine-mediated signaling pathway // traceable author statement /// 0022617 // extracellular matrix disassembly // traceable author statement /// 0030198 // extracellular matrix organization // traceable author statement /// 0030203 // glycosaminoglycan metabolic process // traceable author statement /// 0030212 // hyaluronan metabolic process // traceable author statement /// 0030214 // hyaluronan catabolic process // inferred from direct assay /// 0030214 // hyaluronan catabolic process // traceable author statement /// 0033138 // positive regulation of peptidyl-serine phosphorylation // inferred from direct assay /// 0034116 // positive regulation of heterotypic cell-cell adhesion // inferred from mutant phenotype /// 0043066 // negative regulation of apoptotic process // inferred from mutant phenotype /// 0043154 // negative regulation of cysteine-type endopeptidase activity involved in apoptotic process // inferred from mutant phenotype /// 0043518 // negative regulation of DNA damage response, signal transduction by p53 class mediator // inferred from direct assay /// 0044281 // small molecule metabolic process // traceable author statement /// 0044344 // cellular response to fibroblast growth factor stimulus // inferred from direct assay /// 0050731 // positive regulation of peptidyl-tyrosine phosphorylation // inferred from direct assay /// 0050900 // leukocyte migration // traceable author statement /// 0051216 // cartilage development // inferred from expression pattern /// 0060333 // interferon-gamma-mediated signaling pathway // traceable author statement /// 0060442 // branching involved in prostate gland morphogenesis // inferred from electronic annotation /// 0070374 // positive regulation of ERK1 and ERK2 cascade // inferred from direct assay /// 0070487 // monocyte aggregation // inferred from mutant phenotype /// 1900625 // positive regulation of monocyte aggregation // inferred from mutant phenotype /// 1902166 // negative regulation of intrinsic apoptotic signaling pathway in response to DNA damage by p53 class mediator // inferred from direct assay","0005737 // cytoplasm // inferred from direct assay /// 0005794 // Golgi apparatus // inferred from direct assay /// 0005886 // plasma membrane // inferred from direct assay /// 0005886 // plasma membrane // traceable author statement /// 0005887 // integral component of plasma membrane // non-traceable author statement /// 0009897 // external side of plasma membrane // inferred from electronic annotation /// 0009986 // cell surface // inferred from direct assay /// 0016020 // membrane // inferred from electronic annotation /// 0016021 // integral component of membrane // inferred from electronic annotation /// 0016323 // basolateral plasma membrane // inferred from electronic annotation /// 0070062 // extracellular vesicular exosome // inferred from direct assay","0004415 // hyalurononglucosaminidase activity // inferred from direct assay /// 0004888 // transmembrane signaling receptor activity // inferred from direct assay /// 0005515 // protein binding // inferred from physical interaction /// 0005518 // collagen binding // non-traceable author statement /// 0005540 // hyaluronic acid binding // inferred from direct assay /// 0005540 // hyaluronic acid binding // non-traceable author statement"
"204999_s_at",4.1927021087735e-07,0.000849327100816364,248.714285714286,185.46231884058,-0.423363277619473,3.07092501797667,"BC005174","","Homo sapiens","Oct 6, 2014","Exemplar sequence","GenBank","gb:BC005174.1 /DEF=Homo sapiens, activating transcription factor 5, clone MGC:842, mRNA, complete cds.  /FEA=mRNA /PROD=activating transcription factor 5 /DB_XREF=gi:13477389 /UG=Hs.9754 activating transcription factor 5 /FL=gb:AF305687.1 gb:AB021663.2 gb:NM_012068.2 gb:BC005174.1","BC005174","activating transcription factor 5","ATF5","22809","NM_001193646 /// NM_001290746 /// NM_012068","0006351 // transcription, DNA-templated // inferred from electronic annotation /// 0006355 // regulation of transcription, DNA-templated // inferred from electronic annotation /// 0006357 // regulation of transcription from RNA polymerase II promoter // traceable author statement /// 0009791 // post-embryonic development // inferred from electronic annotation /// 0010468 // regulation of gene expression // inferred from electronic annotation /// 0021889 // olfactory bulb interneuron differentiation // inferred from electronic annotation /// 0021891 // olfactory bulb interneuron development // inferred from electronic annotation /// 0021988 // olfactory lobe development // inferred from electronic annotation /// 0035264 // multicellular organism growth // inferred from electronic annotation /// 0043066 // negative regulation of apoptotic process // inferred from electronic annotation /// 0045944 // positive regulation of transcription from RNA polymerase II promoter // inferred from direct assay /// 0048712 // negative regulation of astrocyte differentiation // inferred from electronic annotation /// 0050768 // negative regulation of neurogenesis // inferred from electronic annotation","0005634 // nucleus // inferred from direct assay /// 0005667 // transcription factor complex // inferred from electronic annotation /// 0005730 // nucleolus // inferred from direct assay /// 0005737 // cytoplasm // inferred from direct assay","0000977 // RNA polymerase II regulatory region sequence-specific DNA binding // inferred from mutant phenotype /// 0001228 // RNA polymerase II transcription regulatory region sequence-specific DNA binding transcription factor activity involved in positive regulation of transcription // inferred by curator /// 0003677 // DNA binding // inferred from electronic annotation /// 0003700 // sequence-specific DNA binding transcription factor activity // inferred from electronic annotation /// 0003714 // transcription corepressor activity // traceable author statement /// 0005515 // protein binding // inferred from physical interaction /// 0031072 // heat shock protein binding // inferred from electronic annotation /// 0043565 // sequence-specific DNA binding // inferred from electronic annotation"
"205049_s_at",1.44438125019529e-06,0.00146296124536825,315.002764976959,180.026086956522,-0.807158514464869,2.83476717841717,"NM_001783","","Homo sapiens","Oct 6, 2014","Exemplar sequence","GenBank","gb:NM_001783.1 /DEF=Homo sapiens CD79A antigen (immunoglobulin-associated alpha) (CD79A), transcript variant 1, mRNA.  /FEA=mRNA /GEN=CD79A /PROD=CD79A antigen, isoform 1 precursor /DB_XREF=gi:4502684 /UG=Hs.79630 CD79A antigen (immunoglobulin-associated alpha) /FL=gb:M80462.1 gb:M86921.1 gb:M74721.1 gb:NM_001783.1","NM_001783","CD79a molecule, immunoglobulin-associated alpha","CD79A","973","NM_001783 /// NM_021601","0002376 // immune system process // inferred from electronic annotation /// 0007166 // cell surface receptor signaling pathway // inferred from electronic annotation /// 0030183 // B cell differentiation // inferred from sequence or structural similarity /// 0042100 // B cell proliferation // inferred from sequence or structural similarity /// 0042113 // B cell activation // inferred from sequence or structural similarity /// 0050853 // B cell receptor signaling pathway // inferred from sequence or structural similarity","0005771 // multivesicular body // inferred from sequence or structural similarity /// 0005886 // plasma membrane // traceable author statement /// 0009897 // external side of plasma membrane // inferred from sequence or structural similarity /// 0016020 // membrane // inferred from electronic annotation /// 0016021 // integral component of membrane // inferred from electronic annotation /// 0019815 // B cell receptor complex // inferred from sequence or structural similarity /// 0045121 // membrane raft // inferred from sequence or structural similarity","0004888 // transmembrane signaling receptor activity // inferred from electronic annotation /// 0005515 // protein binding // inferred from electronic annotation"
"205926_at",6.20336547160199e-07,0.00097037190986018,531,380.127536231884,-0.482228324000373,3.01306178383284,"NM_004843","","Homo sapiens","Oct 6, 2014","Exemplar sequence","GenBank","gb:NM_004843.1 /DEF=Homo sapiens class I cytokine receptor (WSX-1), mRNA. /FEA=mRNA /GEN=WSX-1 /PROD=class I cytokine receptor /DB_XREF=gi:4759327 /UG=Hs.132781 class I cytokine receptor /FL=gb:AF106912.1 gb:AF265242.1 gb:AF053004.1 gb:NM_004843.1","NM_004843","interleukin 27 receptor, alpha","IL27RA","9466","NM_004843","0002827 // positive regulation of T-helper 1 type immune response // inferred from electronic annotation /// 0002829 // negative regulation of type 2 immune response // inferred from electronic annotation /// 0006955 // immune response // traceable author statement /// 0007166 // cell surface receptor signaling pathway // traceable author statement /// 0032729 // positive regulation of interferon-gamma production // inferred from electronic annotation /// 0048302 // regulation of isotype switching to IgG isotypes // inferred from electronic annotation /// 0050830 // defense response to Gram-positive bacterium // inferred from electronic annotation /// 0070106 // interleukin-27-mediated signaling pathway // inferred from electronic annotation","0005887 // integral component of plasma membrane // traceable author statement /// 0016020 // membrane // inferred from electronic annotation /// 0016021 // integral component of membrane // inferred from electronic annotation","0004888 // transmembrane signaling receptor activity // traceable author statement /// 0005515 // protein binding // inferred from electronic annotation /// 0045509 // interleukin-27 receptor activity // inferred from electronic annotation"
"206636_at",1.40439053439061e-06,0.00146296124536825,146.471889400922,102.666666666667,-0.512655961798277,2.83476717841717,"NM_006506","","Homo sapiens","Oct 6, 2014","Exemplar sequence","GenBank","gb:NM_006506.2 /DEF=Homo sapiens RAS p21 protein activator 2 (RASA2), mRNA. /FEA=mRNA /GEN=RASA2 /PROD=RAS p21 protein activator 2 /DB_XREF=gi:12545407 /UG=Hs.241548 RAS p21 protein activator 2 /FL=gb:D78155.1 gb:NM_006506.2 gb:D82880.1 gb:AF115573.1","NM_006506","RAS p21 protein activator 2","RASA2","5922","NM_006506 /// XM_005247688 /// XM_006713719 /// XM_006713720","0007165 // signal transduction // traceable author statement /// 0032320 // positive regulation of Ras GTPase activity // not recorded /// 0035556 // intracellular signal transduction // inferred from electronic annotation /// 0043547 // positive regulation of GTPase activity // inferred from electronic annotation /// 0046580 // negative regulation of Ras protein signal transduction // not recorded /// 0051056 // regulation of small GTPase mediated signal transduction // inferred from electronic annotation","0005622 // intracellular // inferred from electronic annotation /// 0005737 // cytoplasm // not recorded /// 0031235 // intrinsic component of the cytoplasmic side of the plasma membrane // not recorded /// 0043231 // intracellular membrane-bounded organelle // inferred from direct assay /// 0048471 // perinuclear region of cytoplasm // inferred from electronic annotation","0005096 // GTPase activator activity // inferred from electronic annotation /// 0005099 // Ras GTPase activator activity // not recorded /// 0005515 // protein binding // inferred from electronic annotation /// 0005543 // phospholipid binding // inferred from electronic annotation /// 0046872 // metal ion binding // inferred from electronic annotation"
"207551_s_at",3.18532350829945e-07,0.000849327100816364,848.408755760369,683.691304347826,-0.311414433605778,3.07092501797667,"NM_006800","","Homo sapiens","Oct 6, 2014","Exemplar sequence","GenBank","gb:NM_006800.1 /DEF=Homo sapiens male-specific lethal-3 (Drosophila)-like 1 (MSL3L1), mRNA.  /FEA=mRNA /GEN=MSL3L1 /PROD=male-specific lethal-3 (Drosophila)-like 1 /DB_XREF=gi:5803103 /UG=Hs.88764 male-specific lethal-3 (Drosophila)-like 1 /FL=gb:AF117065.1 gb:NM_006800.1","NM_006800","male-specific lethal 3 homolog (Drosophila)","MSL3","10943","NM_001193270 /// NM_001282174 /// NM_006800 /// NM_078628 /// NM_078629 /// NM_078630 /// XM_005274440 /// XM_006724461","0006325 // chromatin organization // traceable author statement /// 0006351 // transcription, DNA-templated // inferred from electronic annotation /// 0006355 // regulation of transcription, DNA-templated // inferred from electronic annotation /// 0006366 // transcription from RNA polymerase II promoter // traceable author statement /// 0007275 // multicellular organismal development // traceable author statement /// 0016568 // chromatin modification // inferred from electronic annotation /// 0043984 // histone H4-K16 acetylation // inferred from direct assay","0005634 // nucleus // traceable author statement /// 0005654 // nucleoplasm // traceable author statement /// 0072487 // MSL complex // inferred from direct assay","0003677 // DNA binding // inferred from direct assay /// 0003700 // sequence-specific DNA binding transcription factor activity // traceable author statement /// 0035064 // methylated histone binding // inferred from direct assay"
"209138_x_at",3.95747212095276e-07,0.000849327100816364,24169.9198156682,11982.784057971,-1.01224954675387,3.07092501797667,"M87790","","Homo sapiens","Oct 6, 2014","Exemplar sequence","GenBank","gb:M87790.1 /DEF=Human (hybridoma H210) anti-hepatitis A immunoglobulin lambda chain variable region, constant region, complementarity-determining regions mRNA, complete cds.  /FEA=mRNA /PROD=immunoglobulin lambda-chain /DB_XREF=gi:185363 /UG=Hs.181125 immunoglobulin lambda locus /FL=gb:M87790.1","M87790","immunoglobulin lambda constant 1 (Mcg marker)","IGLC1","3537","","0002376 // immune system process // inferred from electronic annotation /// 0002474 // antigen processing and presentation of peptide antigen via MHC class I // inferred from electronic annotation /// 0006955 // immune response // non-traceable author statement /// 0006956 // complement activation // traceable author statement /// 0006958 // complement activation, classical pathway // traceable author statement /// 0038095 // Fc-epsilon receptor signaling pathway // traceable author statement /// 0038096 // Fc-gamma receptor signaling pathway involved in phagocytosis // traceable author statement /// 0045087 // innate immune response // traceable author statement /// 0050776 // regulation of immune response // traceable author statement","0005576 // extracellular region // traceable author statement /// 0005615 // extracellular space // inferred from direct assay /// 0005886 // plasma membrane // traceable author statement /// 0042612 // MHC class I protein complex // inferred from electronic annotation /// 0070062 // extracellular vesicular exosome // inferred from direct assay /// 0072562 // blood microparticle // inferred from direct assay","0003823 // antigen binding // non-traceable author statement"
"209201_x_at",3.57698845153685e-07,0.000849327100816364,1162.14285714286,740.413043478261,-0.650385208073841,3.07092501797667,"L01639","","Homo sapiens","Oct 6, 2014","Exemplar sequence","GenBank","gb:L01639.1 /DEF=Human (clone HSY3RR) neuropeptide Y receptor (NPYR) mRNA, complete cds.  /FEA=mRNA /GEN=NPYR /PROD=neuropeptide Y receptor /DB_XREF=gi:189313 /UG=Hs.89414 chemokine (C-X-C motif), receptor 4 (fusin) /FL=gb:L01639.1 gb:AF025375.1 gb:M99293.1 gb:L06797.1 gb:NM_003467.1 gb:AF147204.1","L01639","chemokine (C-X-C motif) receptor 4","CXCR4","7852","NM_001008540 /// NM_003467","0000187 // activation of MAPK activity // traceable author statement /// 0001569 // patterning of blood vessels // inferred from electronic annotation /// 0001666 // response to hypoxia // inferred from expression pattern /// 0001667 // ameboidal cell migration // inferred from electronic annotation /// 0001764 // neuron migration // inferred from electronic annotation /// 0002407 // dendritic cell chemotaxis // traceable author statement /// 0006915 // apoptotic process // traceable author statement /// 0006935 // chemotaxis // inferred from electronic annotation /// 0006954 // inflammatory response // traceable author statement /// 0007165 // signal transduction // inferred from electronic annotation /// 0007186 // G-protein coupled receptor signaling pathway // inferred from direct assay /// 0007204 // positive regulation of cytosolic calcium ion concentration // traceable author statement /// 0007281 // germ cell development // inferred from electronic annotation /// 0007420 // brain development // inferred from electronic annotation /// 0008045 // motor neuron axon guidance // inferred from electronic annotation /// 0008354 // germ cell migration // inferred from electronic annotation /// 0009615 // response to virus // traceable author statement /// 0016032 // viral process // traceable author statement /// 0019048 // modulation by virus of host morphology or physiology // inferred from electronic annotation /// 0019722 // calcium-mediated signaling // inferred from mutant phenotype /// 0030260 // entry into host cell // traceable author statement /// 0030334 // regulation of cell migration // inferred from electronic annotation /// 0042098 // T cell proliferation // inferred from electronic annotation /// 0042119 // neutrophil activation // inferred from electronic annotation /// 0043217 // myelin maintenance // inferred from sequence or structural similarity /// 0048699 // generation of neurons // inferred from electronic annotation /// 0048714 // positive regulation of oligodendrocyte differentiation // inferred from sequence or structural similarity /// 0050920 // regulation of chemotaxis // inferred from mutant phenotype /// 0061351 // neural precursor cell proliferation // inferred from electronic annotation /// 0070098 // chemokine-mediated signaling pathway // inferred from electronic annotation /// 0070098 // chemokine-mediated signaling pathway // non-traceable author statement /// 0071345 // cellular response to cytokine stimulus // inferred from direct assay","0005737 // cytoplasm // traceable author statement /// 0005764 // lysosome // inferred from direct assay /// 0005768 // endosome // inferred from electronic annotation /// 0005769 // early endosome // inferred from direct assay /// 0005770 // late endosome // inferred from direct assay /// 0005886 // plasma membrane // inferred from direct assay /// 0005886 // plasma membrane // traceable author statement /// 0009897 // external side of plasma membrane // inferred from electronic annotation /// 0009986 // cell surface // inferred from direct assay /// 0016020 // membrane // inferred from electronic annotation /// 0016021 // integral component of membrane // inferred from electronic annotation /// 0016023 // cytoplasmic membrane-bounded vesicle // inferred from direct assay /// 0030054 // cell junction // inferred from electronic annotation /// 0030426 // growth cone // inferred from electronic annotation /// 0031252 // cell leading edge // inferred from direct assay /// 0031410 // cytoplasmic vesicle // inferred from direct assay /// 0070062 // extracellular vesicular exosome // inferred from direct assay","0001618 // virus receptor activity // inferred from electronic annotation /// 0003779 // actin binding // inferred from direct assay /// 0004871 // signal transducer activity // inferred from electronic annotation /// 0004930 // G-protein coupled receptor activity // traceable author statement /// 0004950 // chemokine receptor activity // inferred from electronic annotation /// 0005515 // protein binding // inferred from physical interaction /// 0015026 // coreceptor activity // traceable author statement /// 0016494 // C-X-C chemokine receptor activity // non-traceable author statement /// 0019955 // cytokine binding // inferred from electronic annotation /// 0031625 // ubiquitin protein ligase binding // inferred from physical interaction /// 0032027 // myosin light chain binding // inferred from direct assay /// 0043130 // ubiquitin binding // inferred from direct assay"
"209374_s_at",1.39400579615719e-06,0.00146296124536825,4599.72073732719,1733.08985507246,-1.40819981805551,2.83476717841717,"BC001872","","Homo sapiens","Oct 6, 2014","Exemplar sequence","GenBank","gb:BC001872.1 /DEF=Homo sapiens, clone MGC:1228, mRNA, complete cds. /FEA=mRNA /PROD=Unknown (protein for MGC:1228) /DB_XREF=gi:12804852 /UG=Hs.302063 immunoglobulin heavy constant mu /FL=gb:BC002963.1 gb:BC001872.1","BC001872","immunoglobulin heavy constant mu","IGHM","3507","","0001895 // retina homeostasis // inferred from expression pattern /// 0002250 // adaptive immune response // inferred from direct assay /// 0006955 // immune response // non-traceable author statement /// 0006956 // complement activation // traceable author statement /// 0006958 // complement activation, classical pathway // traceable author statement /// 0019731 // antibacterial humoral response // inferred from direct assay /// 0038096 // Fc-gamma receptor signaling pathway involved in phagocytosis // traceable author statement /// 0045087 // innate immune response // inferred from direct assay /// 0050829 // defense response to Gram-negative bacterium // inferred from direct assay","0005576 // extracellular region // traceable author statement /// 0005576 // extracellular region // inferred from electronic annotation /// 0005615 // extracellular space // inferred from direct assay /// 0005886 // plasma membrane // traceable author statement /// 0005887 // integral component of plasma membrane // non-traceable author statement /// 0009986 // cell surface // inferred from direct assay /// 0016020 // membrane // inferred from electronic annotation /// 0016021 // integral component of membrane // inferred from electronic annotation /// 0070062 // extracellular vesicular exosome // inferred from direct assay /// 0071756 // pentameric IgM immunoglobulin complex // inferred from direct assay /// 0071757 // hexameric IgM immunoglobulin complex // inferred from direct assay /// 0072562 // blood microparticle // inferred from direct assay","0003697 // single-stranded DNA binding // inferred from direct assay /// 0003823 // antigen binding // inferred from electronic annotation /// 0005515 // protein binding // inferred from physical interaction /// 0005515 // protein binding // inferred from electronic annotation /// 0031210 // phosphatidylcholine binding // inferred from direct assay /// 0034987 // immunoglobulin receptor binding // inferred from direct assay /// 0042834 // peptidoglycan binding // inferred from direct assay"
"209831_x_at",1.37689990343509e-09,1.77961896627299e-05,1671.83225806452,1375.01449275362,-0.281983278212687,4.74967297440983,"AB004574","","Homo sapiens","Oct 6, 2014","Exemplar sequence","GenBank","gb:AB004574.1 /DEF=Homo sapiens mRNA for deoxyribonuclease II, complete cds. /FEA=mRNA /GEN=DNASE2 /PROD=deoxyribonuclease II /DB_XREF=gi:3184394 /UG=Hs.118243 deoxyribonuclease II, lysosomal /FL=gb:AF045937.1 gb:AF047016.1 gb:AB004574.1 gb:AF060222.1 gb:NM_001375.1","AB004574","deoxyribonuclease II, lysosomal","DNASE2","1777","NM_001375","0000737 // DNA catabolic process, endonucleolytic // inferred from electronic annotation /// 0006259 // DNA metabolic process // traceable author statement /// 0006308 // DNA catabolic process // inferred from electronic annotation /// 0006309 // apoptotic DNA fragmentation // not recorded /// 0006915 // apoptotic process // inferred from electronic annotation /// 0007275 // multicellular organismal development // inferred from electronic annotation /// 0030218 // erythrocyte differentiation // inferred from electronic annotation /// 0090305 // nucleic acid phosphodiester bond hydrolysis // inferred from electronic annotation","0005622 // intracellular // not recorded /// 0005764 // lysosome // inferred from electronic annotation /// 0070062 // extracellular vesicular exosome // inferred from direct assay","0003677 // DNA binding // traceable author statement /// 0004518 // nuclease activity // inferred from electronic annotation /// 0004519 // endonuclease activity // inferred from electronic annotation /// 0004520 // endodeoxyribonuclease activity // inferred from electronic annotation /// 0004531 // deoxyribonuclease II activity // not recorded /// 0016787 // hydrolase activity // inferred from electronic annotation"
"209835_x_at",2.6472878160149e-09,1.96631714680867e-05,2067.77649769585,1275.03623188406,-0.697542011921502,4.70634643360422,"BC004372","","Homo sapiens","Oct 6, 2014","Exemplar sequence","GenBank","gb:BC004372.1 /DEF=Homo sapiens, Similar to CD44 antigen (homing function and Indian blood group system), clone MGC:10468, mRNA, complete cds.  /FEA=mRNA /PROD=Similar to CD44 antigen (homing function andIndian blood group system) /DB_XREF=gi:13325117 /UG=Hs.169610 CD44 antigen (homing function and Indian blood group system) /FL=gb:BC004372.1","BC004372","CD44 molecule (Indian blood group)","CD44","960","NM_000610 /// NM_001001389 /// NM_001001390 /// NM_001001391 /// NM_001001392 /// NM_001202555 /// NM_001202556 /// NM_001202557 /// XM_005253231 /// XM_005253232 /// XM_005253233 /// XM_005253234 /// XM_005253235 /// XM_005253238 /// XM_005253239 /// XM_005253240 /// XM_006718388 /// XM_006718389 /// XM_006718390","0001658 // branching involved in ureteric bud morphogenesis // inferred from electronic annotation /// 0002246 // wound healing involved in inflammatory response // inferred from electronic annotation /// 0005975 // carbohydrate metabolic process // traceable author statement /// 0007155 // cell adhesion // inferred from electronic annotation /// 0007160 // cell-matrix adhesion // non-traceable author statement /// 0007596 // blood coagulation // traceable author statement /// 0010628 // positive regulation of gene expression // inferred from electronic annotation /// 0016055 // Wnt signaling pathway // inferred from electronic annotation /// 0016337 // single organismal cell-cell adhesion // non-traceable author statement /// 0019221 // cytokine-mediated signaling pathway // traceable author statement /// 0022617 // extracellular matrix disassembly // traceable author statement /// 0030198 // extracellular matrix organization // traceable author statement /// 0030203 // glycosaminoglycan metabolic process // traceable author statement /// 0030212 // hyaluronan metabolic process // traceable author statement /// 0030214 // hyaluronan catabolic process // inferred from direct assay /// 0030214 // hyaluronan catabolic process // traceable author statement /// 0033138 // positive regulation of peptidyl-serine phosphorylation // inferred from direct assay /// 0034116 // positive regulation of heterotypic cell-cell adhesion // inferred from mutant phenotype /// 0043066 // negative regulation of apoptotic process // inferred from mutant phenotype /// 0043154 // negative regulation of cysteine-type endopeptidase activity involved in apoptotic process // inferred from mutant phenotype /// 0043518 // negative regulation of DNA damage response, signal transduction by p53 class mediator // inferred from direct assay /// 0044281 // small molecule metabolic process // traceable author statement /// 0044344 // cellular response to fibroblast growth factor stimulus // inferred from direct assay /// 0050731 // positive regulation of peptidyl-tyrosine phosphorylation // inferred from direct assay /// 0050900 // leukocyte migration // traceable author statement /// 0051216 // cartilage development // inferred from expression pattern /// 0060333 // interferon-gamma-mediated signaling pathway // traceable author statement /// 0060442 // branching involved in prostate gland morphogenesis // inferred from electronic annotation /// 0070374 // positive regulation of ERK1 and ERK2 cascade // inferred from direct assay /// 0070487 // monocyte aggregation // inferred from mutant phenotype /// 1900625 // positive regulation of monocyte aggregation // inferred from mutant phenotype /// 1902166 // negative regulation of intrinsic apoptotic signaling pathway in response to DNA damage by p53 class mediator // inferred from direct assay","0005737 // cytoplasm // inferred from direct assay /// 0005794 // Golgi apparatus // inferred from direct assay /// 0005886 // plasma membrane // inferred from direct assay /// 0005886 // plasma membrane // traceable author statement /// 0005887 // integral component of plasma membrane // non-traceable author statement /// 0009897 // external side of plasma membrane // inferred from electronic annotation /// 0009986 // cell surface // inferred from direct assay /// 0016020 // membrane // inferred from electronic annotation /// 0016021 // integral component of membrane // inferred from electronic annotation /// 0016323 // basolateral plasma membrane // inferred from electronic annotation /// 0070062 // extracellular vesicular exosome // inferred from direct assay","0004415 // hyalurononglucosaminidase activity // inferred from direct assay /// 0004888 // transmembrane signaling receptor activity // inferred from direct assay /// 0005515 // protein binding // inferred from physical interaction /// 0005518 // collagen binding // non-traceable author statement /// 0005540 // hyaluronic acid binding // inferred from direct assay /// 0005540 // hyaluronic acid binding // non-traceable author statement"
"210916_s_at",1.18603480536258e-07,0.000505633713739857,429.647465437788,296.571014492754,-0.534775782106752,3.29616397665002,"AF098641","","Homo sapiens","Oct 6, 2014","Exemplar sequence","GenBank","gb:AF098641.1 /DEF=Homo sapiens CD44 isoform RC (CD44) mRNA, complete cds. /FEA=mRNA /GEN=CD44 /PROD=CD44 isoform RC /DB_XREF=gi:3832517 /UG=Hs.306278 Homo sapiens CD44 isoform RC (CD44) mRNA, complete cds /FL=gb:AF098641.1","AF098641","CD44 molecule (Indian blood group)","CD44","960","NM_000610 /// NM_001001389 /// NM_001001390 /// NM_001001391 /// NM_001001392 /// NM_001202555 /// NM_001202556 /// NM_001202557 /// XM_005253231 /// XM_005253232 /// XM_005253233 /// XM_005253234 /// XM_005253235 /// XM_005253238 /// XM_005253239 /// XM_005253240 /// XM_006718388 /// XM_006718389 /// XM_006718390","0001658 // branching involved in ureteric bud morphogenesis // inferred from electronic annotation /// 0002246 // wound healing involved in inflammatory response // inferred from electronic annotation /// 0005975 // carbohydrate metabolic process // traceable author statement /// 0007155 // cell adhesion // inferred from electronic annotation /// 0007160 // cell-matrix adhesion // non-traceable author statement /// 0007596 // blood coagulation // traceable author statement /// 0010628 // positive regulation of gene expression // inferred from electronic annotation /// 0016055 // Wnt signaling pathway // inferred from electronic annotation /// 0016337 // single organismal cell-cell adhesion // non-traceable author statement /// 0019221 // cytokine-mediated signaling pathway // traceable author statement /// 0022617 // extracellular matrix disassembly // traceable author statement /// 0030198 // extracellular matrix organization // traceable author statement /// 0030203 // glycosaminoglycan metabolic process // traceable author statement /// 0030212 // hyaluronan metabolic process // traceable author statement /// 0030214 // hyaluronan catabolic process // inferred from direct assay /// 0030214 // hyaluronan catabolic process // traceable author statement /// 0033138 // positive regulation of peptidyl-serine phosphorylation // inferred from direct assay /// 0034116 // positive regulation of heterotypic cell-cell adhesion // inferred from mutant phenotype /// 0043066 // negative regulation of apoptotic process // inferred from mutant phenotype /// 0043154 // negative regulation of cysteine-type endopeptidase activity involved in apoptotic process // inferred from mutant phenotype /// 0043518 // negative regulation of DNA damage response, signal transduction by p53 class mediator // inferred from direct assay /// 0044281 // small molecule metabolic process // traceable author statement /// 0044344 // cellular response to fibroblast growth factor stimulus // inferred from direct assay /// 0050731 // positive regulation of peptidyl-tyrosine phosphorylation // inferred from direct assay /// 0050900 // leukocyte migration // traceable author statement /// 0051216 // cartilage development // inferred from expression pattern /// 0060333 // interferon-gamma-mediated signaling pathway // traceable author statement /// 0060442 // branching involved in prostate gland morphogenesis // inferred from electronic annotation /// 0070374 // positive regulation of ERK1 and ERK2 cascade // inferred from direct assay /// 0070487 // monocyte aggregation // inferred from mutant phenotype /// 1900625 // positive regulation of monocyte aggregation // inferred from mutant phenotype /// 1902166 // negative regulation of intrinsic apoptotic signaling pathway in response to DNA damage by p53 class mediator // inferred from direct assay","0005737 // cytoplasm // inferred from direct assay /// 0005794 // Golgi apparatus // inferred from direct assay /// 0005886 // plasma membrane // inferred from direct assay /// 0005886 // plasma membrane // traceable author statement /// 0005887 // integral component of plasma membrane // non-traceable author statement /// 0009897 // external side of plasma membrane // inferred from electronic annotation /// 0009986 // cell surface // inferred from direct assay /// 0016020 // membrane // inferred from electronic annotation /// 0016021 // integral component of membrane // inferred from electronic annotation /// 0016323 // basolateral plasma membrane // inferred from electronic annotation /// 0070062 // extracellular vesicular exosome // inferred from direct assay","0004415 // hyalurononglucosaminidase activity // inferred from direct assay /// 0004888 // transmembrane signaling receptor activity // inferred from direct assay /// 0005515 // protein binding // inferred from physical interaction /// 0005518 // collagen binding // non-traceable author statement /// 0005540 // hyaluronic acid binding // inferred from direct assay /// 0005540 // hyaluronic acid binding // non-traceable author statement"
"211302_s_at",6.3206717929695e-07,0.00097037190986018,231.144239631336,151.263768115942,-0.61172694617126,3.01306178383284,"L20966","","Homo sapiens","Oct 6, 2014","Exemplar sequence","GenBank","gb:L20966.1 /DEF=Human phosphodiesterase mRNA, complete cds. /FEA=mRNA /PROD=phosphodiesterase /DB_XREF=gi:347121 /UG=Hs.188 phosphodiesterase 4B, cAMP-specific (dunce (Drosophila)-homolog phosphodiesterase E4) /FL=gb:L20966.1","L20966","phosphodiesterase 4B, cAMP-specific","PDE4B","5142","NM_001037339 /// NM_001037340 /// NM_001037341 /// NM_001297440 /// NM_001297441 /// NM_001297442 /// NM_002600 /// XM_005270923 /// XM_005270924 /// XM_005270925 /// XM_005270926 /// XM_006710680","0001780 // neutrophil homeostasis // inferred from sequence or structural similarity /// 0006198 // cAMP catabolic process // inferred from direct assay /// 0006198 // cAMP catabolic process // inferred from electronic annotation /// 0006198 // cAMP catabolic process // inferred from genetic interaction /// 0007165 // signal transduction // inferred from electronic annotation /// 0008152 // metabolic process // inferred from electronic annotation /// 0030593 // neutrophil chemotaxis // inferred from sequence or structural similarity /// 0032729 // positive regulation of interferon-gamma production // inferred from mutant phenotype /// 0032743 // positive regulation of interleukin-2 production // inferred from mutant phenotype /// 0035690 // cellular response to drug // inferred from sequence or structural similarity /// 0050852 // T cell receptor signaling pathway // inferred from mutant phenotype /// 0050900 // leukocyte migration // inferred from sequence or structural similarity /// 0071222 // cellular response to lipopolysaccharide // inferred from sequence or structural similarity /// 0071872 // cellular response to epinephrine stimulus // inferred from sequence or structural similarity /// 0086004 // regulation of cardiac muscle cell contraction // inferred from sequence or structural similarity /// 1901841 // regulation of high voltage-gated calcium channel activity // inferred from sequence or structural similarity /// 1901898 // negative regulation of relaxation of cardiac muscle // inferred from sequence or structural similarity","0005634 // nucleus // inferred from electronic annotation /// 0005737 // cytoplasm // inferred from electronic annotation /// 0005829 // cytosol // traceable author statement /// 0005891 // voltage-gated calcium channel complex // inferred from sequence or structural similarity /// 0030018 // Z disc // inferred from sequence or structural similarity /// 0048471 // perinuclear region of cytoplasm // inferred from electronic annotation /// 0071944 // cell periphery // inferred from electronic annotation","0003824 // catalytic activity // inferred from electronic annotation /// 0004114 // 3',5'-cyclic-nucleotide phosphodiesterase activity // inferred from sequence or structural similarity /// 0004115 // 3',5'-cyclic-AMP phosphodiesterase activity // inferred from direct assay /// 0004115 // 3',5'-cyclic-AMP phosphodiesterase activity // inferred from genetic interaction /// 0008081 // phosphoric diester hydrolase activity // inferred from electronic annotation /// 0016787 // hydrolase activity // inferred from electronic annotation /// 0030552 // cAMP binding // inferred from genetic interaction /// 0044325 // ion channel binding // inferred from sequence or structural similarity /// 0046872 // metal ion binding // inferred from electronic annotation"
"211336_x_at",1.09392131253225e-06,0.00143387344747978,229.686175115207,142.53768115942,-0.68832066352317,2.84348917745939,"AF009007","","Homo sapiens","Oct 6, 2014","Exemplar sequence","GenBank","gb:AF009007.1 /DEF=Homo sapiens immunoglobulin-like transcript 2c mRNA, complete cds. /FEA=mRNA /PROD=immunoglobulin-like transcript 2c /DB_XREF=gi:2660705 /UG=Hs.204040 leukocyte immunoglobulin-like receptor, subfamily B (with TM and ITIM domains), member 1 /FL=gb:AF009007.1","AF009007","leukocyte immunoglobulin-like receptor, subfamily B (with TM and ITIM domains), member 1","LILRB1","10859","NM_001081637 /// NM_001081638 /// NM_001081639 /// NM_001278398 /// NM_001278399 /// NM_006669 /// NR_103518 /// XM_005277047 /// XM_006726246 /// XM_006726247 /// XM_006726248 /// XM_006726249 /// XM_006726250 /// XM_006726251 /// XM_006726252 /// XM_006726281 /// XM_006726282 /// XM_006726283 /// XM_006726284 /// XM_006726285 /// XM_006726286 /// XM_006726287 /// XR_254255 /// XR_431086 /// XR_431087 /// XR_431094 /// XR_431095 /// XR_431096","0001915 // negative regulation of T cell mediated cytotoxicity // inferred from direct assay /// 0002230 // positive regulation of defense response to virus by host // inferred from direct assay /// 0002309 // T cell proliferation involved in immune response // inferred from direct assay /// 0002376 // immune system process // inferred from electronic annotation /// 0002740 // negative regulation of cytokine secretion involved in immune response // inferred from direct assay /// 0002767 // immune response-inhibiting cell surface receptor signaling pathway // non-traceable author statement /// 0002774 // Fc receptor mediated inhibitory signaling pathway // inferred from direct assay /// 0007165 // signal transduction // inferred from direct assay /// 0009615 // response to virus // inferred from direct assay /// 0010628 // positive regulation of gene expression // inferred from direct assay /// 0014063 // negative regulation of serotonin secretion // inferred from direct assay /// 0031623 // receptor internalization // traceable author statement /// 0032609 // interferon-gamma production // inferred from direct assay /// 0032689 // negative regulation of interferon-gamma production // inferred from direct assay /// 0032945 // negative regulation of mononuclear cell proliferation // inferred from direct assay /// 0035548 // negative regulation of interferon-beta secretion // inferred from direct assay /// 0042130 // negative regulation of T cell proliferation // inferred from direct assay /// 0042536 // negative regulation of tumor necrosis factor biosynthetic process // inferred from direct assay /// 0043065 // positive regulation of apoptotic process // inferred from direct assay /// 0045077 // negative regulation of interferon-gamma biosynthetic process // inferred from direct assay /// 0045786 // negative regulation of cell cycle // inferred from direct assay /// 0045806 // negative regulation of endocytosis // inferred from direct assay /// 0045919 // positive regulation of cytolysis // inferred from direct assay /// 0045919 // positive regulation of cytolysis // inferred from mutant phenotype /// 0045944 // positive regulation of transcription from RNA polymerase II promoter // non-traceable author statement /// 0045953 // negative regulation of natural killer cell mediated cytotoxicity // inferred from direct assay /// 0046636 // negative regulation of alpha-beta T cell activation // inferred from direct assay /// 0050776 // regulation of immune response // traceable author statement /// 0051607 // defense response to virus // inferred from direct assay /// 0051926 // negative regulation of calcium ion transport // inferred from direct assay /// 0071222 // cellular response to lipopolysaccharide // inferred from expression pattern /// 0072643 // interferon-gamma secretion // inferred from direct assay /// 0097028 // dendritic cell differentiation // inferred from expression pattern /// 2000669 // negative regulation of dendritic cell apoptotic process // inferred from direct assay /// 2001180 // negative regulation of interleukin-10 secretion // inferred from direct assay /// 2001183 // negative regulation of interleukin-12 secretion // inferred from direct assay /// 2001186 // negative regulation of CD8-positive, alpha-beta T cell activation // inferred from direct assay /// 2001189 // negative regulation of T cell activation via T cell receptor contact with antigen bound to MHC molecule on antigen presenting cell // inferred from direct assay /// 2001193 // positive regulation of gamma-delta T cell activation involved in immune response // inferred from direct assay /// 2001199 // negative regulation of dendritic cell differentiation // inferred from mutant phenotype /// 2001202 // negative regulation of transforming growth factor-beta secretion // inferred from direct assay /// 2001205 // negative regulation of osteoclast development // inferred from direct assay","0005737 // cytoplasm // inferred from direct assay /// 0005886 // plasma membrane // traceable author statement /// 0009897 // external side of plasma membrane // inferred from direct assay /// 0016020 // membrane // inferred from electronic annotation /// 0016021 // integral component of membrane // inferred from electronic annotation","0005515 // protein binding // inferred from electronic annotation /// 0008157 // protein phosphatase 1 binding // inferred from physical interaction /// 0030107 // HLA-A specific inhibitory MHC class I receptor activity // inferred from direct assay /// 0030109 // HLA-B specific inhibitory MHC class I receptor activity // inferred from direct assay /// 0032393 // MHC class I receptor activity // inferred from direct assay /// 0042169 // SH2 domain binding // inferred from direct assay /// 0042288 // MHC class I protein binding // inferred from direct assay /// 0042288 // MHC class I protein binding // inferred from mutant phenotype /// 0042288 // MHC class I protein binding // inferred from physical interaction /// 0042803 // protein homodimerization activity // inferred from physical interaction"
"212014_x_at",1.19306568744852e-08,6.64627067835382e-05,1799.58801843318,1089.35797101449,-0.724188554539624,4.17742197546754,"AI493245","","Homo sapiens","Oct 6, 2014","Consensus sequence","GenBank","Consensus includes gb:AI493245 /FEA=EST /DB_XREF=gi:4394248 /DB_XREF=est:ti30d08.x1 /CLONE=IMAGE:2131983 /UG=Hs.169610 CD44 antigen (homing function and Indian blood group system)","AI493245","CD44 molecule (Indian blood group)","CD44","960","NM_000610 /// NM_001001389 /// NM_001001390 /// NM_001001391 /// NM_001001392 /// NM_001202555 /// NM_001202556 /// NM_001202557 /// XM_005253231 /// XM_005253232 /// XM_005253233 /// XM_005253234 /// XM_005253235 /// XM_005253238 /// XM_005253239 /// XM_005253240 /// XM_006718388 /// XM_006718389 /// XM_006718390","0001658 // branching involved in ureteric bud morphogenesis // inferred from electronic annotation /// 0002246 // wound healing involved in inflammatory response // inferred from electronic annotation /// 0005975 // carbohydrate metabolic process // traceable author statement /// 0007155 // cell adhesion // inferred from electronic annotation /// 0007160 // cell-matrix adhesion // non-traceable author statement /// 0007596 // blood coagulation // traceable author statement /// 0010628 // positive regulation of gene expression // inferred from electronic annotation /// 0016055 // Wnt signaling pathway // inferred from electronic annotation /// 0016337 // single organismal cell-cell adhesion // non-traceable author statement /// 0019221 // cytokine-mediated signaling pathway // traceable author statement /// 0022617 // extracellular matrix disassembly // traceable author statement /// 0030198 // extracellular matrix organization // traceable author statement /// 0030203 // glycosaminoglycan metabolic process // traceable author statement /// 0030212 // hyaluronan metabolic process // traceable author statement /// 0030214 // hyaluronan catabolic process // inferred from direct assay /// 0030214 // hyaluronan catabolic process // traceable author statement /// 0033138 // positive regulation of peptidyl-serine phosphorylation // inferred from direct assay /// 0034116 // positive regulation of heterotypic cell-cell adhesion // inferred from mutant phenotype /// 0043066 // negative regulation of apoptotic process // inferred from mutant phenotype /// 0043154 // negative regulation of cysteine-type endopeptidase activity involved in apoptotic process // inferred from mutant phenotype /// 0043518 // negative regulation of DNA damage response, signal transduction by p53 class mediator // inferred from direct assay /// 0044281 // small molecule metabolic process // traceable author statement /// 0044344 // cellular response to fibroblast growth factor stimulus // inferred from direct assay /// 0050731 // positive regulation of peptidyl-tyrosine phosphorylation // inferred from direct assay /// 0050900 // leukocyte migration // traceable author statement /// 0051216 // cartilage development // inferred from expression pattern /// 0060333 // interferon-gamma-mediated signaling pathway // traceable author statement /// 0060442 // branching involved in prostate gland morphogenesis // inferred from electronic annotation /// 0070374 // positive regulation of ERK1 and ERK2 cascade // inferred from direct assay /// 0070487 // monocyte aggregation // inferred from mutant phenotype /// 1900625 // positive regulation of monocyte aggregation // inferred from mutant phenotype /// 1902166 // negative regulation of intrinsic apoptotic signaling pathway in response to DNA damage by p53 class mediator // inferred from direct assay","0005737 // cytoplasm // inferred from direct assay /// 0005794 // Golgi apparatus // inferred from direct assay /// 0005886 // plasma membrane // inferred from direct assay /// 0005886 // plasma membrane // traceable author statement /// 0005887 // integral component of plasma membrane // non-traceable author statement /// 0009897 // external side of plasma membrane // inferred from electronic annotation /// 0009986 // cell surface // inferred from direct assay /// 0016020 // membrane // inferred from electronic annotation /// 0016021 // integral component of membrane // inferred from electronic annotation /// 0016323 // basolateral plasma membrane // inferred from electronic annotation /// 0070062 // extracellular vesicular exosome // inferred from direct assay","0004415 // hyalurononglucosaminidase activity // inferred from direct assay /// 0004888 // transmembrane signaling receptor activity // inferred from direct assay /// 0005515 // protein binding // inferred from physical interaction /// 0005518 // collagen binding // non-traceable author statement /// 0005540 // hyaluronic acid binding // inferred from direct assay /// 0005540 // hyaluronic acid binding // non-traceable author statement"
"214449_s_at",1.37365384993077e-07,0.000505633713739857,219.701843317972,165.775362318841,-0.406317366000761,3.29616397665002,"NM_012249","","Homo sapiens","Oct 6, 2014","Consensus sequence","GenBank","Consensus includes gb:NM_012249.1 /DEF=Homo sapiens ras-like protein (TC10), mRNA. /FEA=CDS /GEN=TC10 /PROD=ras-like protein /DB_XREF=gi:6912695 /UG=Hs.250697 ras-like protein /FL=gb:M31470.1 gb:NM_012249.1","NM_012249","ras homolog family member Q","RHOQ","23433","NM_012249 /// XM_005264229","0006184 // GTP catabolic process // inferred from direct assay /// 0007165 // signal transduction // inferred from electronic annotation /// 0007264 // small GTPase mediated signal transduction // traceable author statement /// 0008286 // insulin receptor signaling pathway // inferred from mutant phenotype /// 0008360 // regulation of cell shape // inferred from electronic annotation /// 0015031 // protein transport // inferred from electronic annotation /// 0030866 // cortical actin cytoskeleton organization // inferred from mutant phenotype /// 0032869 // cellular response to insulin stimulus // inferred from mutant phenotype /// 0032956 // regulation of actin cytoskeleton organization // inferred by curator /// 0045944 // positive regulation of transcription from RNA polymerase II promoter // inferred from direct assay /// 0046326 // positive regulation of glucose import // inferred from mutant phenotype /// 0051056 // regulation of small GTPase mediated signal transduction // traceable author statement /// 0051491 // positive regulation of filopodium assembly // inferred from direct assay /// 0090005 // negative regulation of establishment of protein localization to plasma membrane // inferred from mutant phenotype","0005622 // intracellular // inferred from electronic annotation /// 0005737 // cytoplasm // inferred from electronic annotation /// 0005829 // cytosol // traceable author statement /// 0005884 // actin filament // inferred from direct assay /// 0005886 // plasma membrane // inferred from direct assay /// 0005886 // plasma membrane // traceable author statement /// 0016020 // membrane // inferred from electronic annotation /// 0045121 // membrane raft // inferred from electronic annotation","0000166 // nucleotide binding // inferred from electronic annotation /// 0003924 // GTPase activity // inferred from direct assay /// 0005515 // protein binding // inferred from electronic annotation /// 0005522 // profilin binding // inferred from physical interaction /// 0005525 // GTP binding // inferred from electronic annotation /// 0032427 // GBD domain binding // inferred from physical interaction"
"215121_x_at",1.06736934393405e-06,0.00143387344747978,23634.2557603687,10387.2884057971,-1.18606034624984,2.84348917745939,"AA680302","","Homo sapiens","Oct 6, 2014","Consensus sequence","GenBank","Consensus includes gb:AA680302 /FEA=EST /DB_XREF=gi:2656270 /DB_XREF=est:ac83d05.s1 /CLONE=IMAGE:869193 /UG=Hs.181125 immunoglobulin lambda locus","AA680302","immunoglobulin lambda light chain-like /// immunoglobulin lambda constant 1 (Mcg marker) /// immunoglobulin lambda variable 1-44","CYAT1 /// IGLC1 /// IGLV1-44","3537 /// 28823 /// 100290481","","0000281 // mitotic cytokinesis // inferred from genetic interaction /// 0002376 // immune system process // inferred from electronic annotation /// 0002474 // antigen processing and presentation of peptide antigen via MHC class I // inferred from electronic annotation /// 0006915 // apoptotic process // inferred from electronic annotation /// 0006955 // immune response // non-traceable author statement /// 0006956 // complement activation // traceable author statement /// 0006958 // complement activation, classical pathway // traceable author statement /// 0007026 // negative regulation of microtubule depolymerization // inferred from electronic annotation /// 0007049 // cell cycle // inferred from electronic annotation /// 0038095 // Fc-epsilon receptor signaling pathway // traceable author statement /// 0038096 // Fc-gamma receptor signaling pathway involved in phagocytosis // traceable author statement /// 0045087 // innate immune response // traceable author statement /// 0045944 // positive regulation of transcription from RNA polymerase II promoter // inferred from genetic interaction /// 0050776 // regulation of immune response // traceable author statement","0000922 // spindle pole // inferred from electronic annotation /// 0005576 // extracellular region // traceable author statement /// 0005615 // extracellular space // inferred from direct assay /// 0005737 // cytoplasm // inferred from electronic annotation /// 0005813 // centrosome // inferred from direct assay /// 0005819 // spindle // inferred from electronic annotation /// 0005856 // cytoskeleton // inferred from electronic annotation /// 0005874 // microtubule // inferred from electronic annotation /// 0005881 // cytoplasmic microtubule // inferred from direct assay /// 0005881 // cytoplasmic microtubule // inferred from electronic annotation /// 0005886 // plasma membrane // traceable author statement /// 0042612 // MHC class I protein complex // inferred from electronic annotation /// 0070062 // extracellular vesicular exosome // inferred from direct assay /// 0072562 // blood microparticle // inferred from direct assay","0003823 // antigen binding // non-traceable author statement /// 0005515 // protein binding // inferred from electronic annotation"
"218787_x_at",1.588401919032e-07,0.000505633713739857,152.382949308756,95.1159420289855,-0.6799424121729,3.29616397665002,"NM_018294","","Homo sapiens","Oct 6, 2014","Exemplar sequence","GenBank","gb:NM_018294.1 /DEF=Homo sapiens hypothetical protein FLJ10998 (FLJ10998), mRNA. /FEA=mRNA /GEN=FLJ10998 /PROD=hypothetical protein FLJ10998 /DB_XREF=gi:8922811 /UG=Hs.78110 hypothetical protein FLJ10998 /FL=gb:NM_018294.1","NM_018294","CWF19-like 1, cell cycle control (S. pombe)","CWF19L1","55280","NM_018294","0008152 // metabolic process // inferred from electronic annotation","","0003824 // catalytic activity // inferred from electronic annotation"
"221986_s_at",6.53214497504945e-07,0.00097037190986018,104.488479262673,67.7739130434783,-0.624541906311976,3.01306178383284,"AW006750","","Homo sapiens","Oct 6, 2014","Consensus sequence","GenBank","Consensus includes gb:AW006750 /FEA=EST /DB_XREF=gi:5855528 /DB_XREF=est:wr28h09.x1 /CLONE=IMAGE:2489057 /UG=Hs.246875 hypothetical protein FLJ20059","AW006750","kelch-like family member 24","KLHL24","54800","NM_017644 /// XM_005247552 /// XM_005247553 /// XM_005247554 /// XM_005247555 /// XM_005247556 /// XM_006713674 /// XR_241499","","0005737 // cytoplasm // inferred from electronic annotation /// 0030424 // axon // inferred from electronic annotation /// 0042995 // cell projection // inferred from electronic annotation /// 0043204 // perikaryon // inferred from electronic annotation","0005515 // protein binding // inferred from electronic annotation"
